代码,名称,现价,流通市值(亿),分类,蓄势相似度,拉升相似度,蓄势段涨幅,拉升段涨幅,匹配段DTW,匹配段相关,量能形态
000705,浙江震元,7.040,19.9,刚启动(拉升初期),12.64,81.41,0.0057,0.1157,1.0446,0.9444,1.0
003023,彩虹集团,27.550,29.0,刚启动(拉升初期),18.93,80.05,0.0804,0.4639,1.138,0.9143,1.0
300096,ST易联众,9.610,41.3,刚启动(拉升初期),9.19,79.53,0.1097,0.1923,1.1291,0.9188,1.0
300192,科德教育,15.960,72.7,刚启动(拉升初期),18.41,79.23,-0.0511,0.5142,1.2856,0.9398,1.0
002873,新天药业,8.440,20.2,刚启动(拉升初期),12.49,78.73,-0.031,0.1238,1.1799,0.9217,1.0
000887,中鼎股份,22.410,294.6,刚启动(拉升初期),8.85,78.41,0.0586,0.3459,1.2139,0.9071,1.0
600768,富邦新材,15.210,20.3,刚启动(拉升初期),12.34,78.08,-0.0663,0.1593,1.1984,0.9085,1.0
603959,ST百利,5.080,24.9,刚启动(拉升初期),26.89,77.95,0.1705,0.2482,1.2243,0.9066,1.0
600721,百花医药,13.250,51.0,刚启动(拉升初期),32.34,77.9,0.8151,0.8929,1.282,0.883,1.0
603880,南卫股份,8.700,25.1,刚启动(拉升初期),12.84,77.62,0.0571,0.3744,1.201,0.8809,1.0
603709,中源家居,11.860,19.3,刚启动(拉升初期),17.38,77.36,-0.2656,0.192,1.1701,0.8784,1.0
300072,海新能科,3.810,88.8,刚启动(拉升初期),12.62,77.25,0.0,0.1173,1.2773,0.9178,1.0
301116,益客食品,9.330,41.9,刚启动(拉升初期),18.55,77.17,-0.0179,0.135,1.2669,0.9107,1.0
600444,国机通用,14.170,20.7,刚启动(拉升初期),15.36,77.16,-0.0622,0.1418,1.2153,0.8927,1.0
603439,三力制药,12.410,50.1,刚启动(拉升初期),7.53,76.98,-0.2377,0.2398,1.3266,0.9172,1.0
600467,好当家,2.340,34.2,刚启动(拉升初期),15.72,76.96,0.0263,0.1038,1.0654,0.9161,0.7
002986,宇新股份,13.300,40.1,刚启动(拉升初期),26.53,76.13,0.1252,0.1338,0.9637,0.9337,0.4
603655,朗博科技,33.160,35.1,刚启动(拉升初期),15.29,75.94,-0.0786,0.336,1.375,0.8997,1.0
603922,ST金鸿顺,13.780,24.7,刚启动(拉升初期),8.06,75.79,-0.1295,0.3739,1.3677,0.8907,1.0
000838,*ST发展,2.810,29.6,刚启动(拉升初期),36.59,75.67,0.6149,0.2379,1.3404,0.8892,1.0
000985,大庆华科,16.430,21.3,刚启动(拉升初期),15.46,75.44,-0.0381,0.1761,0.9686,0.9147,0.4
301507,民生健康,12.880,14.2,刚启动(拉升初期),12.62,75.37,0.0008,0.0888,1.3987,0.9138,1.0
600162,香江控股,4.180,136.6,刚启动(拉升初期),9.76,75.28,0.4982,0.4929,1.2236,0.8968,0.7
603332,苏州龙杰,11.610,25.1,刚启动(拉升初期),12.51,75.14,-0.0268,0.136,1.2598,0.8576,1.0
600261,阳光照明,3.240,43.3,刚启动(拉升初期),8.57,74.91,-0.0122,0.0983,1.2259,0.8439,1.0
000790,华神科技,4.080,25.4,刚启动(拉升初期),17.62,74.54,0.0408,0.0968,1.2712,0.9249,0.7
603387,基蛋生物,9.420,47.8,刚启动(拉升初期),29.93,74.47,0.0572,0.0941,1.2263,0.9084,0.7
603912,佳力图,8.480,46.0,刚启动(拉升初期),18.31,74.4,-0.0732,0.1893,1.4826,0.9087,1.0
603330,天洋新材,9.970,43.1,形态接近(观察),9.88,74.33,0.553,0.5083,1.4796,0.8824,1.0
603282,亚光股份,15.610,20.9,刚启动(拉升初期),8.52,74.22,-0.0238,0.171,1.0635,0.9161,0.4
603456,九洲药业,16.600,146.4,刚启动(拉升初期),51.36,74.21,0.3133,0.1504,1.4135,0.8844,1.0
600257,大湖股份,5.480,26.4,刚启动(拉升初期),18.6,74.2,-0.0054,0.1417,1.3102,0.9253,0.7
000952,广济药业,6.380,21.9,刚启动(拉升初期),15.42,74.19,-0.0492,0.1642,1.0775,0.9206,0.4
300030,阳普医疗,6.830,18.6,刚启动(拉升初期),12.54,74.0,-0.0201,0.1197,1.2412,0.8993,0.7
603391,力聚热能,68.570,15.6,刚启动(拉升初期),28.3,73.97,0.1328,0.3533,1.3593,0.8441,1.0
603307,扬州金泉,25.610,24.9,刚启动(拉升初期),6.91,73.74,-0.3478,0.1873,1.0397,0.8948,0.4
301062,上海艾录,7.300,20.1,刚启动(拉升初期),12.9,73.73,0.0735,0.2785,1.3187,0.9052,0.7
300967,晓鸣股份,16.450,20.5,刚启动(拉升初期),8.29,73.56,-0.0779,0.1642,1.3552,0.8475,1.0
300194,福安药业,3.930,38.1,刚启动(拉升初期),29.8,73.37,0.0288,0.0708,1.5416,0.9133,1.0
000953,中哲精化,6.250,22.9,刚启动(拉升初期),12.49,73.36,-0.0325,0.1792,1.1157,0.9113,0.4
301209,联合化学,59.760,80.1,刚启动(拉升初期),17.17,73.18,-0.3035,0.361,1.4923,0.8679,1.0
300050,世纪鼎利,6.860,37.4,刚启动(拉升初期),8.44,72.94,-0.0432,0.3017,1.1868,0.8396,0.7
600186,莲花控股,11.620,206.9,刚启动(拉升初期),13.16,72.89,0.1448,0.316,1.484,0.8614,1.0
000788,北大医药,5.630,33.6,刚启动(拉升初期),27.24,72.87,0.0465,0.0932,1.5543,0.903,1.0
603615,茶花股份,16.920,40.9,刚启动(拉升初期),8.19,72.85,-0.1024,0.1409,1.4497,0.8631,1.0
002982,湘佳股份,12.350,16.1,刚启动(拉升初期),8.58,72.76,-0.0088,0.0958,1.3055,0.8919,0.7
300110,华仁药业,2.860,33.8,刚启动(拉升初期),22.38,72.69,0.0214,0.0672,1.5341,0.8941,1.0
600713,南京医药,5.200,67.1,刚启动(拉升初期),30.53,72.65,0.0379,0.0421,1.5908,0.9142,1.0
000856,冀东装备,8.530,19.4,刚启动(拉升初期),8.41,72.59,-0.0501,0.1913,1.3266,0.8863,0.7
600281,华阳新材,4.620,23.8,刚启动(拉升初期),18.39,72.58,-0.0552,0.1907,1.3712,0.826,1.0
300154,瑞凌股份,11.750,37.1,刚启动(拉升初期),13.52,72.56,0.254,0.5359,1.5759,0.8683,1.0
600215,派斯林,6.520,29.8,刚启动(拉升初期),8.71,72.43,0.0235,0.1833,1.2439,0.9304,0.4
000715,中兴商业,5.150,25.0,刚启动(拉升初期),15.6,72.27,-0.0058,0.1344,1.5736,0.8905,1.0
600051,宁波联合,6.310,19.6,刚启动(拉升初期),12.39,72.25,-0.0554,0.1188,1.1255,0.8921,0.4
600815,厦工股份,3.920,69.5,刚启动(拉升初期),19.27,72.22,0.1772,0.3659,1.0383,0.9423,0.0
603001,奥康国际,8.250,33.1,刚启动(拉升初期),7.98,72.21,-0.1486,0.3306,1.1639,0.8866,0.4
603897,长城科技,30.660,63.3,刚启动(拉升初期),16.77,72.15,-0.3702,0.2333,1.5648,0.8762,1.0
001207,联科科技,16.710,48.9,刚启动(拉升初期),8.26,72.12,-0.0869,0.1556,1.4795,0.8537,1.0
603797,联泰环保,4.750,27.4,刚启动(拉升初期),18.97,72.06,0.092,0.25,1.5142,0.8558,1.0
603578,三星新材,13.490,24.3,刚启动(拉升初期),8.16,71.83,-0.1078,0.1875,1.5861,0.8793,1.0
600774,汉商集团,7.320,21.6,刚启动(拉升初期),12.53,71.73,-0.0214,0.1768,0.9875,0.928,0.0
301518,长华化学,25.440,14.9,刚启动(拉升初期),17.86,71.73,-0.1732,0.1257,1.5565,0.8721,1.0
002626,金达威,16.630,101.4,刚启动(拉升初期),24.55,71.67,0.0948,0.2355,1.5685,0.8655,1.0
603351,威尔药业,26.740,36.2,刚启动(拉升初期),18.08,71.47,0.0458,0.1132,1.5175,0.8537,1.0
603916,苏博特,11.740,49.3,刚启动(拉升初期),7.94,71.46,-0.156,0.2332,1.4717,0.828,1.0
688077,大地熊,28.800,33.0,刚启动(拉升初期),8.84,71.44,0.058,0.2794,1.4497,0.8165,1.0
600099,林海股份,9.020,19.8,刚启动(拉升初期),8.34,71.35,-0.0682,0.1505,1.0053,0.9267,0.0
003008,开普检测,19.450,15.6,刚启动(拉升初期),8.54,71.33,-0.0202,0.1682,1.257,0.9087,0.4
000919,金陵药业,6.640,41.3,刚启动(拉升初期),29.59,71.33,0.0473,0.0797,1.6326,0.8918,1.0
603358,华达科技,47.190,217.9,刚启动(拉升初期),20.26,71.27,0.2103,0.3859,1.3767,0.855,0.7
600097,开创国际,8.570,20.6,刚启动(拉升初期),15.38,71.21,-0.0572,0.113,1.4117,0.8871,0.7
300120,经纬辉开,9.000,47.5,刚启动(拉升初期),8.94,71.2,0.0843,0.4107,1.6743,0.8756,1.0
600543,*ST莫高,4.040,13.0,刚启动(拉升初期),8.18,70.99,-0.1042,0.1285,0.9983,0.9174,0.0
000711,ST京蓝,6.440,151.8,刚启动(拉升初期),15.78,70.9,0.0421,0.2652,1.6476,0.8702,1.0
002909,集泰股份,5.220,19.9,刚启动(拉升初期),8.22,70.88,-0.0953,0.1348,1.2492,0.8976,0.4
301051,信濠光电,20.600,46.5,刚启动(拉升初期),27.62,70.85,0.1593,0.5237,1.5974,0.8334,1.0
603396,金辰股份,25.650,35.5,刚启动(拉升初期),14.79,70.8,-0.1862,0.1225,1.6657,0.8855,1.0
603838,*ST四通,11.720,37.5,刚启动(拉升初期),19.64,70.77,0.2907,0.6369,1.746,0.874,1.0
000826,*ST启环,1.960,27.9,刚启动(拉升初期),18.14,70.66,-0.1131,0.4,1.3171,0.8938,0.4
603289,泰瑞机器,8.650,25.4,刚启动(拉升初期),7.82,70.65,-0.1801,0.1337,1.6554,0.8774,1.0
600476,*ST湘邮,9.690,15.6,刚启动(拉升初期),8.04,70.61,-0.1348,0.1832,1.2524,0.8128,0.7
002863,今飞凯达,4.700,28.2,刚启动(拉升初期),18.4,70.48,-0.0524,0.1298,1.5706,0.8453,1.0
600664,哈药股份,8.170,205.8,刚启动(拉升初期),34.56,70.35,1.4243,0.4486,1.4061,0.9122,0.4
002942,新农股份,15.880,22.0,刚启动(拉升初期),12.34,70.34,-0.067,0.1541,1.3732,0.8489,0.7
600327,大东方,4.080,36.1,刚启动(拉升初期),25.13,70.32,0.1271,0.1758,1.6953,0.8788,1.0
002927,泰永长征,16.130,35.6,刚启动(拉升初期),6.98,70.16,-0.3362,0.1094,1.4946,0.8887,0.7
603818,曲美家居,3.790,26.0,刚启动(拉升初期),31.03,70.06,0.2032,0.1662,1.2344,0.8695,0.4
600593,大连圣亚,40.110,51.7,刚启动(拉升初期),14.2,69.91,0.0668,0.0959,1.4927,0.8831,0.7
300093,金刚光伏,25.930,59.9,刚启动(拉升初期),16.27,69.85,0.1765,0.2755,1.8052,0.8955,1.0
603811,诚意药业,7.400,33.9,刚启动(拉升初期),10.93,69.81,-0.3446,0.0496,1.6078,0.8483,1.0
000668,荣丰控股,22.220,32.6,刚启动(拉升初期),17.92,69.79,0.1998,0.1682,1.695,0.866,1.0
000669,ST金鸿,4.450,30.3,刚启动(拉升初期),8.69,69.65,0.0183,0.3088,1.7514,0.8701,1.0
301096,百诚医药,49.770,41.4,刚启动(拉升初期),7.58,69.6,-0.2296,0.2696,1.3882,0.9007,0.4
603881,数据港,27.330,235.6,刚启动(拉升初期),17.58,69.52,-0.228,0.1164,1.7234,0.8733,1.0
301419,阿莱德,40.390,40.1,刚启动(拉升初期),8.83,69.3,0.054,0.4058,1.729,0.8468,1.0
003011,海象新材,20.650,15.9,刚启动(拉升初期),8.5,69.29,-0.0291,0.2104,1.0477,0.8843,0.0
603269,海鸥股份,17.810,76.9,刚启动(拉升初期),7.85,69.26,-0.1743,0.5068,1.3998,0.8789,0.4
600251,冠农股份,10.310,80.1,刚启动(拉升初期),18.79,69.26,0.0425,0.1243,1.5725,0.8159,1.0
600525,ST长园,5.770,76.1,刚启动(拉升初期),15.97,69.01,0.0928,0.2147,1.6188,0.8172,1.0
301509,金凯生科,30.820,17.5,刚启动(拉升初期),40.62,68.92,0.0487,0.1134,1.6886,0.847,1.0
002886,沃特股份,21.240,44.4,刚启动(拉升初期),7.42,68.9,-0.2581,0.1767,1.6273,0.8205,1.0
603909,建发合诚,9.580,25.0,刚启动(拉升初期),8.31,68.75,-0.0735,0.1683,1.1674,0.9142,0.0
688073,毕得医药,71.600,65.1,形态接近(观察),40.29,68.75,0.4089,0.4739,1.8269,0.8609,1.0
603326,我乐家居,6.990,22.3,刚启动(拉升初期),18.42,68.66,-0.0477,0.1928,1.1092,0.8906,0.0
600616,金枫酒业,4.230,28.3,刚启动(拉升初期),12.36,68.58,-0.0621,0.0959,1.6065,0.8878,0.7
600168,武汉控股,4.420,43.9,刚启动(拉升初期),12.23,68.5,-0.0924,0.0549,1.5276,0.8632,0.7
301370,国科恒泰,8.820,41.5,刚启动(拉升初期),15.52,68.46,-0.0243,0.0513,1.642,0.9007,0.7
600379,宝光股份,15.520,51.2,刚启动(拉升初期),20.69,68.44,0.1793,0.3175,1.5011,0.8306,0.7
000663,永安林业,5.640,17.3,刚启动(拉升初期),12.4,68.43,-0.0521,0.151,1.3778,0.8779,0.4
603280,南方路机,26.560,28.8,刚启动(拉升初期),18.26,68.4,-0.0851,0.0993,1.7765,0.8645,1.0
603879,永悦科技,5.430,19.5,刚启动(拉升初期),15.99,68.36,0.097,0.1882,1.1332,0.8915,0.0
301408,华人健康,15.490,35.5,刚启动(拉升初期),15.08,68.32,-0.1258,0.1192,1.6084,0.8798,0.7
301060,兰卫医学,11.500,41.4,形态接近(观察),29.1,68.3,0.1783,0.3545,1.6921,0.913,0.6
000973,佛塑科技,14.430,146.0,刚启动(拉升初期),8.53,68.23,-0.0224,0.1609,1.8201,0.8695,1.0
600243,*ST海华,3.750,16.5,刚启动(拉升初期),8.65,68.15,0.0081,0.2215,1.4793,0.8988,0.4
002988,豪美新材,24.110,60.2,刚启动(拉升初期),14.74,68.07,-0.1963,0.2177,1.8421,0.868,1.0
603356,华菱精工,17.030,22.7,刚启动(拉升初期),8.39,68.05,-0.056,0.2269,1.1974,0.9018,0.0
600807,济高发展,2.620,20.6,刚启动(拉升初期),8.4,68.04,-0.0542,0.1008,1.3496,0.8631,0.4
603329,上海雅仕,10.440,21.5,刚启动(拉升初期),8.51,68.03,-0.0261,0.1373,1.1622,0.8971,0.0
603810,丰山集团,12.290,20.3,刚启动(拉升初期),8.26,67.95,-0.0862,0.1649,1.1977,0.9047,0.0
603717,天域生物,6.350,18.4,刚启动(拉升初期),8.47,67.95,-0.0364,0.2212,1.3597,0.8539,0.4
600222,太龙药业,7.840,43.9,形态接近(观察),8.64,67.62,0.0064,0.098,1.7986,0.8526,1.0
600448,华纺股份,2.940,18.5,刚启动(拉升初期),8.55,67.48,-0.0167,0.1903,1.2625,0.9124,0.0
603703,盛洋科技,9.670,40.1,刚启动(拉升初期),7.59,67.42,-0.227,0.1284,1.835,0.8569,1.0
301201,诚达药业,35.800,38.9,刚启动(拉升初期),22.85,67.36,0.0835,0.2504,1.7006,0.8005,1.0
300126,锐奇股份,6.440,13.6,刚启动(拉升初期),8.38,67.36,-0.0585,0.1773,1.1833,0.8841,0.0
600333,长春燃气,6.310,38.4,刚启动(拉升初期),18.85,67.32,0.1208,0.1051,1.1399,0.8748,0.0
600405,动力源,4.580,28.1,刚启动(拉升初期),8.45,67.29,-0.0418,0.1744,1.6126,0.8507,0.7
603489,八方股份,27.660,64.9,刚启动(拉升初期),7.62,67.07,-0.2208,0.1194,1.2319,0.8979,0.0
600682,南京新百,5.660,65.9,刚启动(拉升初期),8.55,67.02,-0.0174,0.0404,1.9056,0.8786,1.0
603321,梅轮电梯,6.320,21.8,刚启动(拉升初期),8.47,66.98,-0.0366,0.1107,1.269,0.9089,0.0
603908,牧高笛,19.160,17.8,刚启动(拉升初期),8.35,66.91,-0.0649,0.1669,1.2476,0.8951,0.0
603378,*ST亚士,6.130,26.3,刚启动(拉升初期),9.13,66.77,0.1352,0.2115,1.8435,0.8365,1.0
603168,莎普爱思,5.580,20.8,刚启动(拉升初期),8.48,66.68,-0.0346,0.125,1.3044,0.9119,0.0
002872,ST天圣,5.300,11.4,刚启动(拉升初期),8.54,66.63,-0.0185,0.0905,1.4266,0.8545,0.4
001255,博菲电气,26.110,20.2,刚启动(拉升初期),7.9,66.5,-0.1655,0.1615,1.1842,0.8642,0.0
001326,联域股份,61.480,14.8,刚启动(拉升初期),12.49,66.49,-0.0318,0.2935,1.454,0.843,0.4
603739,蔚蓝生物,12.290,31.1,刚启动(拉升初期),18.46,66.36,-0.0398,0.1173,1.8851,0.8483,1.0
603328,依顿电子,11.070,110.5,刚启动(拉升初期),8.09,66.35,-0.1235,0.2508,1.444,0.8397,0.4
002827,高争民爆,55.000,151.8,刚启动(拉升初期),27.65,66.32,0.9407,1.1782,1.5621,0.8346,0.4
603382,海阳科技,20.340,23.5,形态接近(观察),18.4,66.27,-0.0531,0.2479,1.8308,0.8168,1.0
600665,天地源,3.440,29.7,刚启动(拉升初期),8.85,66.26,0.0585,0.2555,1.4374,0.8349,0.4
600459,贵研铂业,21.870,166.1,刚启动(拉升初期),8.69,66.17,0.0177,0.2016,1.7666,0.7966,1.0
301390,经纬股份,31.300,15.4,刚启动(拉升初期),8.42,66.12,-0.0481,0.1776,1.3498,0.9086,0.0
600495,晋西车轴,4.050,48.9,刚启动(拉升初期),15.53,66.1,-0.0217,0.0547,1.8555,0.8375,1.0
600235,民丰特纸,5.740,20.2,刚启动(拉升初期),8.46,66.1,-0.0401,0.1344,1.3137,0.8998,0.0
600620,天宸股份,4.370,30.0,刚启动(拉升初期),8.26,66.07,-0.0858,0.1091,1.5189,0.8697,0.4
600212,绿能慧充,5.630,29.9,刚启动(拉升初期),8.21,66.05,-0.0978,0.1238,1.4884,0.8576,0.4
301119,正强股份,22.790,26.8,刚启动(拉升初期),6.98,65.99,-0.336,0.1932,1.8333,0.815,1.0
600272,开开实业,16.500,26.4,形态接近(观察),21.58,65.9,0.4537,0.6113,1.7604,0.8584,0.6
603385,惠达卫浴,5.490,20.9,刚启动(拉升初期),8.43,65.89,-0.0452,0.1706,1.3376,0.8993,0.0
600692,亚通股份,6.300,16.1,刚启动(拉升初期),12.32,65.89,-0.0722,0.1581,1.5934,0.8856,0.4
301056,森赫股份,10.980,19.3,刚启动(拉升初期),14.79,65.88,-0.1873,0.1595,1.4907,0.851,0.4
600738,丽尚国潮,4.000,30.4,刚启动(拉升初期),15.26,65.83,-0.0868,0.087,1.8356,0.8212,1.0
600526,菲达环保,4.610,40.2,刚启动(拉升初期),12.49,65.82,-0.0315,0.0898,1.6254,0.8257,0.7
301015,百洋医药,25.860,135.9,刚启动(拉升初期),41.63,65.82,0.1555,0.1023,1.9727,0.8652,1.0
600689,上海三毛,10.790,16.4,刚启动(拉升初期),8.33,65.81,-0.0706,0.1491,1.3127,0.8907,0.0
603506,南都物业,10.830,20.3,刚启动(拉升初期),18.39,65.72,-0.0558,0.1927,1.8181,0.8034,1.0
603626,科森科技,18.650,103.5,刚启动(拉升初期),11.61,65.68,-0.2229,0.3991,1.7438,0.8367,0.7
301008,宏昌科技,40.300,46.6,刚启动(拉升初期),48.89,65.52,0.416,0.2713,1.7777,0.7786,1.0
603536,惠发食品,9.500,22.9,刚启动(拉升初期),18.67,65.5,0.0117,0.186,1.4125,0.9131,0.0
600287,苏豪时尚,4.800,21.0,刚启动(拉升初期),8.37,65.24,-0.0607,0.1374,1.3425,0.8876,0.0
301089,拓新药业,24.200,22.0,刚启动(拉升初期),32.51,65.21,-0.007,0.044,1.9,0.8313,1.0
300119,瑞普生物,17.920,59.8,刚启动(拉升初期),35.66,65.18,0.1103,0.1356,1.9425,0.8362,1.0
603903,中持股份,14.190,36.2,刚启动(拉升初期),40.31,65.12,0.2935,0.2066,1.5901,0.8611,0.4
600202,哈空调,5.050,19.4,刚启动(拉升初期),8.33,65.12,-0.07,0.1451,1.353,0.8874,0.0
600359,新农开发,6.560,25.0,刚启动(拉升初期),18.75,65.1,0.0331,0.1652,1.7422,0.7649,1.0
301320,豪江智能,13.190,15.1,刚启动(拉升初期),8.33,65.0,-0.0705,0.1274,1.3465,0.8837,0.0
000911,*ST广糖,4.910,19.7,刚启动(拉升初期),12.17,64.92,-0.1073,0.2094,1.7943,0.7741,1.0
600722,金牛化工,14.150,96.3,刚启动(拉升初期),21.84,64.82,0.3698,0.3751,1.9021,0.7947,1.0
603937,丽岛新材,11.650,24.3,刚启动(拉升初期),7.76,64.79,-0.1927,0.1839,1.3094,0.8613,0.0
001201,东瑞股份,11.860,23.9,刚启动(拉升初期),31.5,64.74,0.0085,0.0627,1.5873,0.8633,0.4
600238,ST椰岛,5.060,22.5,刚启动(拉升初期),15.63,64.72,0.002,0.2974,1.621,0.8542,0.4
002622,皓宸医疗,2.510,21.1,刚启动(拉升初期),15.59,64.65,-0.0079,0.2126,1.6473,0.868,0.4
300149,睿智医药,10.380,50.0,刚启动(拉升初期),45.66,64.57,0.1904,0.1113,1.758,0.8366,0.7
603920,世运电路,38.860,280.0,刚启动(拉升初期),10.8,64.52,-0.3652,0.1356,1.7425,0.8281,0.7
003016,欣贺股份,6.900,28.4,刚启动(拉升初期),8.4,64.5,-0.0535,0.0866,1.6429,0.8737,0.4
600195,中牧股份,6.710,68.5,刚启动(拉升初期),12.69,64.46,0.0167,0.0584,1.631,0.7963,0.7
600149,廊坊发展,4.950,18.8,刚启动(拉升初期),8.0,64.4,-0.1436,0.1149,1.6336,0.8656,0.4
600854,春兰股份,4.550,23.6,刚启动(拉升初期),8.25,64.37,-0.0882,0.099,1.623,0.8626,0.4
600400,红豆股份,3.130,71.7,刚启动(拉升初期),22.02,64.3,0.0756,0.1723,1.7185,0.8113,0.7
603602,纵横通信,11.620,26.8,刚启动(拉升初期),8.19,64.29,-0.1013,0.1726,1.4341,0.8913,0.0
603839,安正时尚,7.080,27.4,刚启动(拉升初期),8.77,64.25,0.0381,0.155,1.4091,0.8834,0.0
603363,傲农生物,2.890,62.0,刚启动(拉升初期),8.17,64.25,-0.1053,0.0586,1.9487,0.822,1.0
301010,晶雪节能,17.470,18.9,刚启动(拉升初期),8.13,64.23,-0.115,0.1796,1.4333,0.889,0.0
600629,华建集团,16.600,190.9,刚启动(拉升初期),18.37,64.22,-0.0595,0.3595,1.6153,0.8351,0.4
600159,大龙地产,2.540,21.1,刚启动(拉升初期),8.27,64.2,-0.083,0.1239,1.4974,0.8145,0.4
300998,宁波方正,26.400,28.4,刚启动(拉升初期),8.4,64.18,-0.0541,0.2,1.2831,0.8359,0.0
603682,锦和商管,11.420,54.0,刚启动(拉升初期),33.81,64.17,0.2803,0.3859,1.6165,0.8323,0.4
600683,京投发展,10.010,74.2,形态接近(观察),16.95,64.05,-0.3414,0.2104,2.0033,0.822,1.0
002614,奥佳华,5.080,22.4,刚启动(拉升初期),12.6,63.95,-0.0059,0.1116,1.7024,0.8775,0.4
601882,海天精工,20.100,104.9,刚启动(拉升初期),15.32,63.92,-0.0712,0.093,1.9826,0.822,1.0
600198,大唐电信,7.470,97.3,刚启动(拉升初期),8.34,63.89,-0.0663,0.1001,2.0207,0.8333,1.0
603808,歌力思,8.450,30.7,刚启动(拉升初期),8.34,63.83,-0.0684,0.156,1.4115,0.8737,0.0
600622,光大嘉宝,2.260,33.9,刚启动(拉升初期),7.95,63.79,-0.1536,0.1188,1.5176,0.8112,0.4
600330,天通股份,27.270,336.4,刚启动(拉升初期),7.89,63.79,-0.1668,0.3913,1.7819,0.8026,0.7
600624,ST复华,4.060,27.6,刚启动(拉升初期),8.48,63.7,-0.0333,0.1309,1.4581,0.8883,0.0
301028,鼎熔岩,13.250,33.2,刚启动(拉升初期),6.91,63.58,-0.3479,0.1325,1.585,0.8274,0.4
002864,盘龙药业,21.610,21.3,刚启动(拉升初期),14.47,63.55,-0.2491,0.043,1.8571,0.8505,0.7
002845,同兴达,13.180,33.0,刚启动(拉升初期),8.08,63.53,-0.126,0.0875,1.5824,0.8294,0.4
600126,杭钢股份,6.780,229.0,刚启动(拉升初期),18.03,63.52,-0.1363,0.0989,1.88,0.8521,0.7
600479,千金药业,9.760,40.8,刚启动(拉升初期),12.37,63.42,-0.0597,0.0241,2.0935,0.8527,1.0
603836,海程邦达,9.040,25.2,刚启动(拉升初期),11.25,63.28,-0.2893,0.1024,1.4522,0.8783,0.0
600395,盘江股份,5.460,117.2,刚启动(拉升初期),8.51,63.25,-0.0267,0.1495,1.6309,0.8329,0.4
000702,正虹科技,5.480,19.0,刚启动(拉升初期),8.22,63.25,-0.0957,0.1488,1.4538,0.8739,0.0
600351,亚宝药业,6.870,47.5,刚启动(拉升初期),37.81,63.23,0.0802,0.0489,1.9427,0.8705,0.7
300960,通业科技,16.370,21.5,刚启动(拉升初期),8.1,63.21,-0.1227,0.1235,1.4548,0.8755,0.0
603898,好莱客,11.230,33.7,刚启动(拉升初期),8.18,63.19,-0.103,0.0515,1.8093,0.8247,0.7
000833,粤桂股份,21.650,98.2,刚启动(拉升初期),8.32,63.18,-0.0728,0.1012,1.7454,0.7986,0.7
603303,得邦照明,22.970,109.6,刚启动(拉升初期),7.72,63.17,-0.2019,0.1902,1.4037,0.8516,0.0
301115,联检科技,29.920,44.6,形态接近(观察),12.61,63.16,-0.0023,0.2482,1.8006,0.8039,0.7
603368,柳药集团,15.880,63.1,刚启动(拉升初期),18.58,63.15,-0.0094,0.0379,2.0962,0.8457,1.0
600645,中源协和,20.030,93.7,刚启动(拉升初期),22.35,63.07,0.0065,0.085,2.1592,0.8602,1.0
600182,S佳通,13.190,22.4,刚启动(拉升初期),12.52,63.03,-0.0237,0.0289,2.1066,0.8469,1.0
603586,金麒麟,13.410,26.3,刚启动(拉升初期),7.63,63.01,-0.2185,0.1001,1.9794,0.7974,1.0
600802,福建水泥,4.600,21.1,刚启动(拉升初期),8.23,62.99,-0.0927,0.1471,1.4678,0.8721,0.0
600216,浙江医药,13.230,125.9,刚启动(拉升初期),30.13,62.95,0.0368,0.1108,2.0546,0.8201,1.0
600523,贵航股份,11.820,47.8,刚启动(拉升初期),12.59,62.95,-0.0076,0.0591,2.0155,0.8118,1.0
603661,恒林股份,33.000,45.9,刚启动(拉升初期),8.84,62.92,0.0563,0.1828,1.824,0.8112,0.7
301167,建研设计,14.370,15.2,刚启动(拉升初期),8.38,62.92,-0.0589,0.2086,1.5061,0.8779,0.0
300143,盈康生命,7.690,64.0,刚启动(拉升初期),17.5,62.91,-0.2431,0.0505,2.1866,0.8686,1.0
002932,*ST明德,15.260,23.8,刚启动(拉升初期),8.46,62.91,-0.039,0.0627,1.4571,0.8743,0.0
002918,蒙娜丽莎,10.130,21.7,刚启动(拉升初期),7.48,62.86,-0.2474,0.0857,1.6605,0.8386,0.4
300074,华平股份,3.810,21.0,刚启动(拉升初期),8.34,62.86,-0.0685,0.1373,1.4995,0.8804,0.0
601886,江河集团,13.090,148.3,刚启动(拉升初期),23.98,62.8,0.4561,0.5602,1.979,0.857,0.6
301006,迈拓股份,13.750,11.9,刚启动(拉升初期),8.21,62.78,-0.0978,0.1603,1.4688,0.8661,0.0
603633,徕木股份,6.390,27.3,刚启动(拉升初期),7.28,62.63,-0.2844,0.1211,1.4757,0.8682,0.0
000619,海螺新材,4.850,17.5,刚启动(拉升初期),8.08,62.56,-0.1261,0.1332,1.5007,0.8737,0.0
600778,友好集团,5.550,17.3,刚启动(拉升初期),8.17,62.56,-0.1063,0.1467,1.5241,0.8802,0.0
603676,卫信康,9.330,40.6,刚启动(拉升初期),18.34,62.51,0.0108,0.09,1.7519,0.8599,0.4
001356,富岭股份,9.100,19.3,刚启动(拉升初期),18.21,62.44,-0.0972,0.0938,2.0162,0.7961,1.0
603350,安乃达,28.130,12.4,刚启动(拉升初期),8.29,62.28,-0.0786,0.0663,1.4931,0.8702,0.0
301040,中环海陆,27.330,25.8,刚启动(拉升初期),8.25,62.25,-0.0875,0.2406,1.5659,0.8785,0.0
603390,通达电气,10.120,35.5,刚启动(拉升初期),7.74,62.24,-0.1968,0.0964,1.7796,0.8618,0.4
002976,瑞玛精密,23.090,28.1,刚启动(拉升初期),6.77,62.2,-0.3698,0.1697,1.6755,0.8198,0.4
603466,风语筑,11.310,67.3,刚启动(拉升初期),21.25,62.15,0.065,0.1684,2.1425,0.8242,1.0
600288,XD大恒科,11.450,50.0,形态接近(观察),18.26,62.15,-0.1372,0.1382,2.0196,0.8609,0.7
301202,朗威股份,39.770,31.7,刚启动(拉升初期),8.69,62.1,0.0174,0.2518,2.0313,0.7791,1.0
000679,大连友谊,6.030,21.5,刚启动(拉升初期),8.29,62.07,-0.078,0.1105,1.6627,0.8173,0.4
600249,两面针,5.250,28.9,刚启动(拉升初期),12.55,61.97,-0.0169,0.0825,1.5227,0.8708,0.0
003004,声迅股份,71.030,48.8,刚启动(拉升初期),21.42,61.7,0.1896,0.1918,1.5625,0.8676,0.0
002836,新宏泽,9.900,22.8,刚启动(拉升初期),12.08,61.66,-0.127,0.1538,1.4613,0.8362,0.0
603936,博敏电子,17.600,111.0,刚启动(拉升初期),11.38,61.66,-0.2661,0.2351,1.9702,0.7491,1.0
603511,爱慕股份,12.620,50.7,刚启动(拉升初期),12.37,61.64,-0.0603,0.1178,1.4658,0.8403,0.0
002629,仁智股份,4.740,17.2,刚启动(拉升初期),8.24,61.64,-0.0902,0.1259,1.5662,0.8731,0.0
301041,金百泽,25.600,20.2,刚启动(拉升初期),7.42,61.62,-0.2593,0.1749,1.4932,0.8439,0.0
603895,天永智能,25.080,27.1,刚启动(拉升初期),6.87,61.58,-0.3536,0.1328,1.4993,0.8488,0.0
603755,日辰股份,23.550,23.2,刚启动(拉升初期),8.34,61.5,-0.0677,0.1482,1.5593,0.8654,0.0
600319,亚星化学,6.310,24.5,刚启动(拉升初期),15.1,61.4,-0.1212,0.1906,1.5192,0.8459,0.0
600316,洪都航空,28.350,203.3,刚启动(拉升初期),15.48,61.4,-0.0351,0.1214,1.6057,0.8806,0.0
600796,钱江生化,5.080,15.8,刚启动(拉升初期),12.41,61.36,-0.0505,0.0695,1.5892,0.8789,0.0
600052,东望时代,3.850,32.5,刚启动(拉升初期),8.24,61.35,-0.0898,0.1,1.8803,0.8728,0.4
301053,远信工业,41.180,50.4,刚启动(拉升初期),11.03,61.35,-0.3272,0.0823,1.894,0.729,1.0
603062,麦加芯彩,39.440,14.6,刚启动(拉升初期),8.21,61.32,-0.0981,0.1412,1.5716,0.8656,0.0
600491,ST龙元,1.810,27.7,刚启动(拉升初期),19.85,61.3,0.3609,0.448,2.2187,0.8071,1.0
600280,中央商场,2.980,33.6,刚启动(拉升初期),8.33,61.3,-0.0688,0.155,1.5957,0.8719,0.0
600706,曲江文旅,7.880,20.0,刚启动(拉升初期),12.48,61.28,-0.0343,0.1338,1.5553,0.8597,0.0
603616,韩建河山,5.450,20.9,刚启动(拉升初期),8.16,61.25,-0.1095,0.1378,1.4719,0.8308,0.0
601996,丰林集团,2.530,28.4,刚启动(拉升初期),8.42,61.2,-0.0489,0.1345,1.4093,0.8092,0.0
000972,中基健康,3.640,28.1,刚启动(拉升初期),18.73,60.93,0.0282,0.0964,2.1718,0.8099,1.0
301083,百胜智能,14.030,12.0,刚启动(拉升初期),8.3,60.88,-0.077,0.1444,1.575,0.8555,0.0
301246,宏源药业,21.110,36.5,刚启动(拉升初期),6.9,60.86,-0.3501,0.0865,1.4559,0.8204,0.0
301098,金埔园林,8.880,17.1,刚启动(拉升初期),8.17,60.85,-0.1066,0.2777,1.5658,0.8407,0.0
600506,统一股份,14.820,37.0,刚启动(拉升初期),7.73,60.83,-0.1989,0.0873,1.5582,0.8538,0.0
600792,云煤能源,3.660,40.6,刚启动(拉升初期),8.2,60.78,-0.0985,0.0733,1.966,0.7398,1.0
603677,奇精机械,13.690,26.4,刚启动(拉升初期),7.74,60.78,-0.198,0.0935,1.5593,0.8524,0.0
600812,华北制药,4.910,84.2,刚启动(拉升初期),41.38,60.75,0.0815,0.0294,2.1771,0.8134,1.0
003010,若羽臣,29.140,65.9,刚启动(拉升初期),31.21,60.66,0.1286,0.1717,1.6759,0.7812,0.4
600817,宇通重工,9.540,50.5,刚启动(拉升初期),12.4,60.57,-0.0536,0.0612,1.9083,0.7914,0.7
300097,智云股份,10.600,28.0,刚启动(拉升初期),19.15,60.53,0.141,0.3233,2.0146,0.7287,1.0
603386,骏亚科技,13.850,45.2,刚启动(拉升初期),8.14,60.43,-0.1127,0.1678,1.5096,0.8204,0.0
301528,多浦乐,56.060,25.9,刚启动(拉升初期),7.84,60.41,-0.1763,0.2108,1.5556,0.8315,0.0
600833,第一医药,10.580,23.6,刚启动(拉升初期),22.64,60.24,0.0009,0.1243,2.1301,0.7763,1.0
600463,空港股份,8.120,24.4,刚启动(拉升初期),8.01,60.24,-0.1416,0.1123,1.6073,0.853,0.0
600381,*ST春天,4.940,29.0,刚启动(拉升初期),15.05,60.23,-0.1333,0.3351,1.6844,0.8604,0.0
600800,渤海化学,3.370,37.4,刚启动(拉升初期),15.03,60.22,-0.1359,0.1581,2.2414,0.8098,1.0
603882,金域医学,31.350,144.3,刚启动(拉升初期),36.95,60.21,0.2246,0.1857,2.0369,0.739,1.0
603006,联明股份,11.370,28.9,刚启动(拉升初期),7.84,60.19,-0.1767,0.1485,1.5677,0.8354,0.0
600128,苏豪弘业,8.290,20.5,刚启动(拉升初期),8.3,60.17,-0.0768,0.1173,1.6195,0.8549,0.0
600838,上海九百,7.420,29.7,刚启动(拉升初期),8.08,60.1,-0.1271,0.0944,1.9986,0.8066,0.7
600232,金鹰股份,6.310,23.0,刚启动(拉升初期),7.88,60.05,-0.1686,0.1228,1.5921,0.8423,0.0
600265,*ST景谷,22.900,29.7,刚启动(拉升初期),8.36,60.03,-0.0634,0.1004,2.0819,0.757,1.0
000639,ST西王,1.980,21.4,刚启动(拉升初期),20.78,60.02,0.2073,0.4143,2.0477,0.7954,0.7
605033,美邦股份,18.900,25.6,刚启动(拉升初期),18.43,60.02,-0.0455,0.1243,2.1106,0.7643,1.0
603883,老百姓,13.200,100.2,刚启动(拉升初期),30.25,60.01,0.0767,0.0793,2.1353,0.7763,1.0
600356,恒丰纸业,8.860,26.5,刚启动(拉升初期),18.59,59.77,-0.0067,0.1782,1.7063,0.8685,0.0
603637,镇海股份,13.040,31.1,刚启动(拉升初期),6.75,59.76,-0.3728,0.1601,1.8755,0.8263,0.4
002848,高斯贝尔,13.310,22.0,刚启动(拉升初期),7.61,59.75,-0.2225,0.1101,1.771,0.7956,0.4
600256,广汇能源,6.230,398.2,刚启动(拉升初期),8.57,59.73,-0.0127,0.1494,1.8429,0.8155,0.4
600123,兰花科创,7.240,106.7,刚启动(拉升初期),8.84,59.72,0.0569,0.097,1.6536,0.8569,0.0
603958,哈森股份,20.550,45.1,刚启动(拉升初期),18.59,59.7,-0.0077,0.529,2.1768,0.7477,1.0
002628,成都路桥,4.910,37.1,刚启动(拉升初期),13.42,59.64,-0.0061,0.1034,2.1875,0.7822,1.0
300153,科泰电源,21.510,68.5,刚启动(拉升初期),11.72,59.59,-0.2022,0.0723,2.2676,0.8106,1.0
300078,思创智联,3.090,34.4,刚启动(拉升初期),12.34,59.58,-0.0665,0.1196,1.8852,0.8285,0.4
300961,深水海纳,11.570,17.6,刚启动(拉升初期),8.5,59.51,-0.0285,0.2052,1.5884,0.8205,0.0
603276,恒兴新材,16.130,12.2,刚启动(拉升初期),8.64,59.4,0.0062,0.0789,1.7851,0.7943,0.4
000782,恒申新材,7.710,40.7,刚启动(拉升初期),8.75,59.36,0.0335,0.2258,1.9925,0.7746,0.7
300951,博硕科技,70.970,107.4,刚启动(拉升初期),34.05,59.32,0.8137,0.3746,1.6894,0.8363,0.0
600493,凤竹纺织,6.080,16.5,刚启动(拉升初期),8.39,59.32,-0.0559,0.1386,1.6351,0.837,0.0
301505,苏州规划,16.470,15.0,刚启动(拉升初期),7.92,59.2,-0.1601,0.1281,1.6956,0.8549,0.0
002877,智能自控,7.330,17.6,刚启动(拉升初期),8.31,59.18,-0.0745,0.0827,1.7086,0.863,0.0
603277,银都股份,12.500,76.2,刚启动(拉升初期),18.8,59.15,0.0452,0.2327,1.6332,0.824,0.0
600228,返利科技,8.210,34.2,刚启动(拉升初期),21.42,59.03,0.3073,0.3892,1.7537,0.8493,0.0
603699,纽威股份,55.650,421.9,刚启动(拉升初期),12.49,59.01,-0.0313,0.3282,1.7908,0.8656,0.0
600697,欧亚集团,10.680,16.6,刚启动(拉升初期),8.32,59.01,-0.0729,0.1254,1.7047,0.8536,0.0
603706,东方环宇,19.500,36.9,刚启动(拉升初期),8.09,58.99,-0.1248,0.0662,1.6558,0.7421,0.4
301131,聚赛龙,34.200,13.4,刚启动(拉升初期),8.32,58.96,-0.0727,0.1605,1.6975,0.8469,0.0
300167,ST迪威迅,4.260,15.1,刚启动(拉升初期),14.81,58.93,-0.1839,0.1065,2.1361,0.7471,1.0
603829,洛凯股份,15.130,28.2,刚启动(拉升初期),6.82,58.89,-0.3629,0.0964,1.9117,0.8221,0.4
300977,深圳瑞捷,16.380,15.5,刚启动(拉升初期),7.72,58.89,-0.2006,0.1519,1.9478,0.8292,0.4
603373,安邦护卫,38.610,24.6,刚启动(拉升初期),8.12,58.78,-0.1183,0.1399,1.867,0.8006,0.4
301118,恒光股份,22.360,23.7,刚启动(拉升初期),7.45,58.78,-0.2537,0.1701,1.6304,0.8192,0.0
600073,光明肉业,5.270,49.4,刚启动(拉升初期),25.14,58.73,-0.0019,0.054,2.0995,0.7346,1.0
600071,凤凰光学,15.830,44.6,刚启动(拉升初期),8.18,58.57,-0.1031,0.0865,1.9147,0.8161,0.4
600628,新世界,6.120,39.6,刚启动(拉升初期),12.43,58.46,-0.0467,0.0462,1.9557,0.8308,0.4
600196,复星医药,23.560,499.1,刚启动(拉升初期),42.6,58.45,0.0133,0.0356,2.2616,0.7836,1.0
603660,苏州科达,11.410,65.2,刚启动(拉升初期),15.46,58.45,-0.0396,0.3455,1.6977,0.8193,0.0
603806,福斯特,15.450,403.1,刚启动(拉升初期),8.03,58.4,-0.1369,0.0957,1.6494,0.8225,0.0
600791,京能置业,7.480,33.8,刚启动(拉升初期),5.74,58.37,-0.5137,0.1299,2.0015,0.7611,0.7
300151,昌红科技,16.880,62.2,刚启动(拉升初期),7.28,58.35,-0.2847,0.1546,1.8133,0.7706,0.4
603270,金帝股份,27.870,19.7,刚启动(拉升初期),8.66,58.35,0.0098,0.17,1.6429,0.8127,0.0
600667,太极实业,21.440,448.4,刚启动(拉升初期),32.12,58.3,0.6672,0.1964,1.9554,0.8133,0.4
300012,华测检测,15.130,216.7,刚启动(拉升初期),12.83,58.22,0.0529,0.1216,2.0071,0.685,1.0
603375,盛景微,39.210,25.0,刚启动(拉升初期),7.74,58.22,-0.1965,0.1549,1.6748,0.8213,0.0
600736,苏州高新,6.670,76.8,刚启动(拉升初期),8.4,58.2,-0.0539,0.0881,2.2261,0.8354,0.7
600663,陆家嘴,9.370,368.7,刚启动(拉升初期),31.83,58.15,0.2924,0.3234,1.798,0.847,0.0
600114,东睦股份,30.220,186.3,刚启动(拉升初期),7.85,58.13,-0.1748,0.1508,1.7483,0.8438,0.0
002852,道道全,8.010,22.9,刚启动(拉升初期),18.64,58.1,0.0063,0.0928,2.1188,0.7219,1.0
600386,北巴传媒,3.380,27.3,刚启动(拉升初期),12.3,58.04,-0.0765,0.0833,1.7187,0.8379,0.0
301031,中熔电气,92.780,106.6,刚启动(拉升初期),6.09,58.02,-0.4689,0.1312,1.6949,0.8252,0.0
603790,雅运股份,24.290,46.5,形态接近(观察),15.32,57.99,-0.0729,0.1539,2.378,0.7999,1.0
600108,亚盛集团,3.300,64.2,刚启动(拉升初期),8.42,57.98,-0.049,0.1074,2.0313,0.6884,1.0
003020,立方制药,18.150,30.6,刚启动(拉升初期),40.95,57.97,0.1,0.0577,1.9437,0.8134,0.4
002830,名雕股份,13.690,12.7,刚启动(拉升初期),6.86,57.93,-0.3558,0.1418,1.6554,0.8087,0.0
600267,海正药业,13.080,154.4,刚启动(拉升初期),46.33,57.91,0.2761,0.1029,2.1504,0.8017,0.7
600540,新赛股份,3.950,23.0,刚启动(拉升初期),15.06,57.73,-0.13,0.1721,1.9584,0.8022,0.4
300989,蕾奥规划,14.400,23.5,刚启动(拉升初期),18.63,57.58,0.0035,0.4458,1.899,0.8576,0.0
002905,金逸影视,7.750,27.1,刚启动(拉升初期),12.36,57.54,-0.0617,0.0779,2.1034,0.7041,1.0
600067,冠城新材,2.800,39.0,刚启动(拉升初期),8.29,57.51,-0.0789,0.0811,1.9678,0.8077,0.4
000922,佳电股份,12.050,84.9,刚启动(拉升初期),8.16,57.44,-0.1074,0.14,1.7166,0.8169,0.0
603666,亿嘉和,26.570,54.6,刚启动(拉升初期),8.18,57.43,-0.1039,0.2892,1.9639,0.787,0.4
600137,浪莎股份,18.050,17.5,刚启动(拉升初期),8.19,57.37,-0.1015,0.1482,1.7977,0.8417,0.0
300175,朗源股份,5.930,27.9,刚启动(拉升初期),18.61,57.22,-0.0806,0.0533,2.2315,0.8161,0.7
600769,祥龙电业,15.350,57.6,刚启动(拉升初期),8.7,57.21,0.0199,0.1139,1.9992,0.8079,0.4
600081,东风科技,10.100,55.9,刚启动(拉升初期),8.4,57.13,-0.0534,0.051,2.1957,0.8022,0.7
603758,秦安股份,11.760,50.9,形态接近(观察),23.03,57.07,0.0789,0.3258,2.1995,0.8036,0.6
600500,中化国际,5.510,197.7,刚启动(拉升初期),8.71,57.01,0.0242,0.1154,2.1305,0.6965,1.0
603353,和顺石油,30.660,52.3,刚启动(拉升初期),6.58,56.96,-0.4,0.0569,2.185,0.7936,0.7
600353,旭光电子,38.280,317.3,刚启动(拉升初期),19.41,56.92,0.7228,0.386,2.3238,0.7368,1.0
002855,捷荣技术,10.150,25.0,刚启动(拉升初期),8.1,56.79,-0.1227,0.1328,1.8187,0.8353,0.0
600561,江西长运,5.720,16.3,刚启动(拉升初期),8.39,56.79,-0.0561,0.1721,1.8291,0.8354,0.0
603759,海天股份,7.440,34.4,刚启动(拉升初期),8.31,56.78,-0.0746,0.083,1.7568,0.8189,0.0
002933,新兴装备,26.680,31.2,刚启动(拉升初期),8.51,56.73,-0.027,0.0903,2.0644,0.7447,0.7
600455,博通股份,24.290,15.2,刚启动(拉升初期),8.27,56.69,-0.0831,0.1774,1.8659,0.8448,0.0
603530,神马电力,49.380,211.1,刚启动(拉升初期),15.01,56.65,-0.1412,0.0939,2.1942,0.7105,1.0
603718,*ST海利,2.990,19.4,刚启动(拉升初期),7.92,56.65,-0.1601,0.1033,2.3742,0.7698,1.0
600673,东阳光,33.740,1012.7,刚启动(拉升初期),10.47,56.63,-0.0528,0.0972,2.1157,0.8337,0.4
301179,泽宇智能,20.020,47.5,刚启动(拉升初期),7.98,56.63,-0.1466,0.0904,2.0877,0.8249,0.4
002842,翔鹭钨业,39.470,106.0,刚启动(拉升初期),9.41,56.32,0.2197,0.2471,1.8571,0.727,0.4
600105,永鼎股份,39.720,580.7,刚启动(拉升初期),14.88,56.3,-0.1692,0.1284,2.0114,0.7879,0.4
000692,惠天热电,4.190,22.3,刚启动(拉升初期),17.7,56.28,-0.2049,0.1355,2.3935,0.7641,1.0
600602,云赛智联,18.300,196.6,刚启动(拉升初期),18.58,56.26,-0.0097,0.0321,2.486,0.804,1.0
301133,金钟股份,28.180,31.3,刚启动(拉升初期),14.15,56.25,-0.3081,0.1582,1.8034,0.8146,0.0
600615,鑫源智造,9.370,21.1,刚启动(拉升初期),8.24,56.09,-0.0912,0.1063,1.8442,0.8287,0.0
001296,长江材料,19.470,15.8,刚启动(拉升初期),8.55,55.94,-0.0177,0.161,1.7897,0.802,0.0
600714,金瑞矿业,15.630,45.0,刚启动(拉升初期),6.1,55.88,-0.4676,0.1595,1.9141,0.742,0.4
603860,中公高科,26.250,17.5,刚启动(拉升初期),8.31,55.72,-0.0737,0.1344,1.9029,0.8366,0.0
603869,ST智知,8.910,43.5,刚启动(拉升初期),8.03,55.7,-0.1366,0.1236,1.7515,0.7867,0.0
000955,欣龙控股,4.170,22.4,刚启动(拉升初期),8.52,55.67,-0.0234,0.112,2.0588,0.7893,0.4
301286,侨源股份,43.060,69.5,刚启动(拉升初期),7.71,55.57,-0.2038,0.0789,2.1581,0.748,0.7
600397,江钨装备,18.140,179.6,刚启动(拉升初期),24.16,55.56,0.3013,0.2307,2.0491,0.6983,0.7
300051,琏升科技,8.330,30.6,刚启动(拉升初期),17.43,55.47,-0.2576,0.1683,2.1538,0.7361,0.7
300103,达刚控股,7.870,25.0,刚启动(拉升初期),8.56,55.46,-0.0138,0.2183,1.7803,0.7822,0.0
600408,安泰集团,2.870,28.9,刚启动(拉升初期),8.44,55.45,-0.0433,0.1124,2.2024,0.6816,1.0
600148,长春一东,15.310,21.7,刚启动(拉升初期),8.22,55.44,-0.0946,0.085,1.8656,0.8216,0.0
600860,京城股份,8.300,36.9,刚启动(拉升初期),15.2,55.44,-0.0998,0.0807,2.508,0.7863,1.0
603629,利通电子,125.970,454.4,刚启动(拉升初期),16.03,55.4,-0.4767,0.0948,2.3176,0.7203,1.0
603933,睿能科技,19.200,39.8,刚启动(拉升初期),7.72,55.38,-0.2017,0.1003,2.0832,0.7914,0.4
301196,唯科科技,87.370,94.2,刚启动(拉升初期),11.29,55.37,-0.2835,0.1303,2.1907,0.749,0.7
603002,宏昌电子,16.520,187.3,刚启动(拉升初期),8.6,55.35,-0.0036,0.1544,2.1939,0.7477,0.7
001280,中国铀业,67.030,116.4,刚启动(拉升初期),8.31,55.3,-0.0751,0.0956,1.9299,0.7387,0.4
603939,益丰药房,23.930,290.1,刚启动(拉升初期),30.39,55.21,0.132,0.0808,1.8757,0.8196,0.0
600259,中稀有色,85.300,287.0,刚启动(拉升初期),8.71,55.16,0.0229,0.1672,2.074,0.7769,0.4
603398,*ST沐邦,10.820,46.9,刚启动(拉升初期),14.48,55.13,-0.2486,0.1647,1.827,0.794,0.0
603291,联合水务,9.430,39.9,刚启动(拉升初期),8.29,55.07,-0.0791,0.209,1.8302,0.7897,0.0
600172,黄河旋风,13.540,173.7,刚启动(拉升初期),10.18,55.07,-0.0384,0.1825,2.088,0.7029,0.7
600604,市北高新,4.490,63.2,刚启动(拉升初期),25.24,55.05,0.0045,0.0767,2.4863,0.7696,1.0
301130,西点药业,31.380,18.5,刚启动(拉升初期),19.03,55.05,0.1088,0.3715,1.9542,0.8179,0.0
301135,瑞德智能,16.880,17.0,刚启动(拉升初期),8.36,55.05,-0.0622,0.1514,1.9536,0.8352,0.0
600189,泉阳泉,7.420,53.1,形态接近(观察),8.25,54.93,-0.0885,0.0676,1.993,0.853,0.0
603825,ST华扬,8.160,20.7,形态接近(观察),8.62,54.83,0.0,0.1758,1.8191,0.7829,0.0
603738,泰晶科技,37.570,145.0,形态接近(观察),12.04,54.76,-0.1347,0.1454,2.0236,0.7517,0.4
603313,梦百合,6.080,34.7,形态接近(观察),33.23,54.55,0.0667,0.0629,1.9532,0.7306,0.4
000609,*ST中迪,10.630,30.9,形态接近(观察),7.77,54.48,-0.191,0.158,1.9096,0.8057,0.0
603721,中广天择,18.050,23.5,形态接近(观察),17.65,54.45,-0.2159,0.1938,2.5463,0.7643,1.0
000620,盈新发展,3.150,147.2,形态接近(观察),17.23,54.45,0.125,0.1538,2.3091,0.6886,1.0
601999,出版传媒,6.100,33.6,形态接近(观察),22.88,54.39,0.015,0.0721,2.5446,0.773,1.0
000949,新乡化纤,6.920,114.6,形态接近(观察),8.68,54.32,0.0147,0.1972,2.0664,0.7508,0.4
600533,栖霞建设,2.180,22.9,形态接近(观察),8.49,54.22,-0.0311,0.1414,1.8841,0.7922,0.0
000983,山西焦煤,7.320,415.6,形态接近(观察),8.92,54.16,0.0781,0.1509,2.2016,0.7958,0.4
603618,杭电股份,28.530,197.2,形态接近(观察),14.01,54.1,-0.332,0.1024,2.2884,0.7524,0.7
603520,司太立,8.860,38.8,形态接近(观察),8.02,54.0,-0.1398,0.0598,2.1691,0.789,0.4
603900,莱绅通灵,6.420,22.0,形态接近(观察),15.44,53.92,-0.0432,0.1889,1.9629,0.8068,0.0
300189,神农种业,5.590,49.5,形态接近(观察),18.96,53.76,0.0897,0.3184,2.2827,0.6492,1.0
301373,凌玮科技,98.360,68.5,形态接近(观察),7.25,53.71,-0.2903,0.0891,2.4737,0.7307,1.0
301225,恒勃股份,58.700,25.8,形态接近(观察),13.86,53.65,-0.3552,0.0972,2.2412,0.8011,0.4
300005,探路者,10.850,95.1,形态接近(观察),17.29,53.6,-0.2819,0.1232,2.124,0.7582,0.4
603577,汇金通,10.170,34.5,形态接近(观察),18.29,53.54,-0.0221,0.1401,2.0098,0.8173,0.0
600425,青松建化,3.560,57.1,形态接近(观察),12.45,53.51,-0.0404,0.0627,1.9637,0.8082,0.0
301389,隆扬电子,56.130,159.1,形态接近(观察),6.85,53.46,-0.3574,0.113,2.4183,0.7039,1.0
002902,铭普光磁,24.760,44.0,形态接近(观察),7.43,53.39,-0.2567,0.1034,2.0273,0.8225,0.0
600784,鲁银投资,7.780,52.6,形态接近(观察),28.1,53.31,0.0277,0.0912,1.9699,0.8026,0.0
301180,万祥科技,11.730,19.3,形态接近(观察),7.61,53.29,-0.2232,0.1087,1.9968,0.8094,0.0
603917,合力科技,12.300,25.1,形态接近(观察),16.95,53.26,0.0008,0.1571,1.9993,0.8052,0.0
300057,万顺新材,6.550,54.4,形态接近(观察),7.71,53.25,-0.2041,0.0791,1.8869,0.7744,0.0
600487,亨通光电,62.180,1525.7,形态接近(观察),14.76,53.23,-0.1937,0.1194,2.12,0.7481,0.4
603700,宁水集团,11.420,22.8,形态接近(观察),22.21,53.22,0.0106,0.0574,2.1609,0.7671,0.4
301479,弘景光电,48.280,34.4,形态接近(观察),7.19,53.17,-0.2996,0.0383,2.6432,0.7785,1.0
603657,春光科技,27.970,37.8,形态接近(观察),12.81,53.12,0.0484,0.2955,2.0836,0.7187,0.4
600785,新华百货,9.740,30.8,形态接近(观察),13.56,53.05,-0.4028,0.2236,2.0415,0.8085,0.0
603729,ST龙韵,11.240,10.4,形态接近(观察),8.02,52.95,-0.1394,0.1118,2.0052,0.8034,0.0
600737,中粮糖业,14.560,311.4,形态接近(观察),19.1,52.93,0.1287,0.2053,2.3925,0.6741,1.0
600303,曙光股份,2.870,19.4,形态接近(观察),8.15,52.92,-0.1115,0.1667,2.0499,0.8129,0.0
002967,广电计量,17.230,104.0,形态接近(观察),7.84,52.85,-0.1764,0.0519,2.265,0.7931,0.4
300195,长荣股份,5.540,17.4,形态接近(观察),8.38,52.77,-0.0578,0.1518,2.0015,0.7943,0.0
600293,三峡新材,2.840,32.9,形态接近(观察),8.14,52.75,-0.1125,0.0923,1.9735,0.7897,0.0
600503,华丽家族,2.130,34.1,形态接近(观察),7.75,52.72,-0.1962,0.0812,2.1756,0.7574,0.4
600227,赤天化,3.950,50.5,形态接近(观察),26.67,52.51,0.3123,0.254,2.4414,0.6758,1.0
603381,永臻股份,15.270,21.7,形态接近(观察),7.57,52.5,-0.2307,0.1041,2.032,0.8018,0.0
600252,中恒集团,2.220,70.7,形态接近(观察),13.75,52.48,0.0,0.0137,2.6693,0.7724,1.0
600560,金自天正,11.110,24.8,形态接近(观察),8.04,52.48,-0.1347,0.0693,2.0366,0.8062,0.0
603500,祥和实业,9.510,31.6,形态接近(观察),8.25,52.47,-0.0882,0.1486,2.1567,0.7388,0.4
000882,华联股份,1.430,39.1,形态接近(观察),8.43,52.46,-0.0467,0.0515,2.3616,0.7406,0.7
603311,金海高科,28.980,68.4,形态接近(观察),8.46,52.41,-0.0391,0.1181,1.9878,0.7836,0.0
600234,科新发展,21.450,56.3,形态接近(观察),11.83,52.35,-0.1788,0.1458,1.963,0.7713,0.0
603369,今世缘,27.890,347.7,形态接近(观察),18.68,52.35,-0.0795,0.0793,2.5474,0.7222,1.0
603696,安记食品,13.150,30.9,形态接近(观察),14.43,52.33,-0.0457,0.2476,2.487,0.7622,0.7
603773,沃格光电,100.990,226.9,形态接近(观察),8.5,52.11,-0.0297,0.1743,2.2664,0.6891,0.7
600759,ST洲际,2.580,106.9,形态接近(观察),8.35,52.01,-0.0652,0.1073,2.384,0.8065,0.4
600798,宁波海运,3.340,40.3,形态接近(观察),8.48,52.01,-0.0347,0.0503,2.3349,0.6456,1.0
301208,中亦科技,29.850,20.1,形态接近(观察),8.74,51.96,0.0307,0.1138,2.4248,0.7434,0.7
603595,ST东尼,26.130,60.7,形态接近(观察),14.48,51.82,0.0744,0.1282,1.9375,0.7513,0.0
002888,惠威科技,17.780,13.3,形态接近(观察),8.5,51.81,-0.0289,0.1189,1.9076,0.7417,0.0
603339,四方科技,13.920,43.1,形态接近(观察),16.7,51.8,0.0969,0.1867,2.0026,0.7673,0.0
600367,红星发展,34.680,111.7,形态接近(观察),8.93,51.62,0.0804,0.1119,2.3953,0.6501,1.0
301033,迈普医学,56.820,32.0,形态接近(观察),51.61,11.09,0.1421,-0.0091,2.7327,0.7974,0.7
600691,潞化科技,2.560,60.8,形态接近(观察),8.41,51.58,-0.0519,0.0894,2.2823,0.6887,0.7
600531,豫光金铅,13.900,168.1,形态接近(观察),8.82,51.54,0.0506,0.1891,2.1683,0.7159,0.4
603538,美诺华,28.510,96.1,形态接近(观察),16.79,51.52,-0.3676,0.0289,2.3671,0.7212,0.7
603819,神力股份,13.620,29.7,形态接近(观察),24.26,51.49,0.0844,0.1947,2.2949,0.7564,0.4
301239,普瑞眼科,35.000,49.7,形态接近(观察),15.22,51.47,-0.0942,0.1279,2.2877,0.7591,0.4
600229,城市传媒,5.100,33.7,形态接近(观察),8.24,51.45,-0.0909,0.0782,2.0817,0.7946,0.0
301005,超捷股份,73.010,134.4,形态接近(观察),9.95,51.34,-0.4872,0.1042,2.6289,0.7217,1.0
301310,鑫宏业,52.620,51.3,形态接近(观察),51.07,6.65,0.5642,-0.1126,2.1764,0.7623,0.0
600076,康欣新材,3.090,41.5,形态接近(观察),8.11,51.05,-0.1197,0.1319,2.1892,0.8154,0.0
600783,鲁信创投,17.100,127.3,形态接近(观察),7.78,51.05,-0.1888,0.1601,2.4911,0.7387,0.7
600107,*ST尔雅,5.780,20.8,形态接近(观察),8.39,51.05,-0.0556,0.0784,2.5745,0.7738,0.7
600371,万向德农,7.740,22.6,形态接近(观察),18.76,51.02,0.0348,0.2113,2.287,0.6906,0.6
603886,元祖股份,12.090,29.0,形态接近(观察),9.18,50.94,0.1514,0.2224,2.5411,0.6723,1.0
001202,炬申股份,13.670,16.0,形态接近(观察),18.12,50.87,-0.1181,0.054,2.0673,0.7774,0.0
600250,南京商旅,9.150,28.6,形态接近(观察),15.56,50.81,-0.0151,0.1701,2.7338,0.7376,1.0
603061,金海通,365.990,318.4,形态接近(观察),29.93,50.79,0.2406,0.1875,2.3016,0.7417,0.4
600547,XD山东黄,37.050,1339.2,形态接近(观察),19.62,50.77,0.2833,0.4013,2.5837,0.6685,1.0
301009,可靠股份,9.030,13.6,形态接近(观察),12.37,50.74,-0.0594,0.1039,2.1429,0.7948,0.0
600577,精达股份,8.660,193.3,形态接近(观察),10.99,50.69,-0.3338,0.1896,2.4796,0.7233,0.7
301149,隆华新材,7.800,26.5,形态接近(观察),7.05,50.63,-0.3247,0.0894,2.347,0.7614,0.4
300139,晓程科技,53.680,125.4,形态接近(观察),20.22,50.57,0.2142,0.3504,2.1612,0.6765,0.4
600794,保税科技,3.150,37.8,形态接近(观察),12.53,50.53,-0.0217,0.043,2.3319,0.6834,0.7
600110,诺德股份,10.740,186.4,形态接近(观察),7.96,50.48,-0.1517,0.1462,2.1856,0.6987,0.4
600716,凤凰股份,3.530,33.0,形态接近(观察),8.43,50.42,-0.0459,0.1171,2.1365,0.7834,0.0
300135,宝利国际,3.380,31.2,形态接近(观察),12.46,50.33,-0.0398,0.0799,2.2721,0.7299,0.4
600130,波导股份,4.330,32.5,形态接近(观察),8.1,50.22,-0.1217,0.1609,2.1397,0.7757,0.0
002841,视源股份,49.150,256.2,形态接近(观察),50.1,41.32,0.3451,0.0685,2.603,0.7751,0.4
600831,广电网络,3.370,24.0,形态接近(观察),8.16,50.05,-0.1085,0.1783,2.1935,0.7879,0.0
603290,斯达半导,97.960,234.6,形态接近(观察),7.53,50.03,-0.2389,0.1541,2.5517,0.6588,1.0
